Fiction,Sci-Fict,Baby_Toddler,  Teen, Manga,Art&Hist,SelfImprov,Cooking, Games, Gifts,Journals,  News,NonFict,HairyPottery,Mysteries,Thrillers,Classics,Poetry,Romance,Horror
0.5548283180729238,0.13920783983894608,-0.207849208641101,0.855443812337096,0.07381902278940214,-0.0006626857804270022,0.47607305776401015,-0.20417279361698906,0.509702045474603,-0.025939361847520617,0.3416357600139225,-0.7009604502771367,-1.3373616419042536,-0.4496058459590745,-0.1456206399613817,-0.0996051653307429,-0.9879811121641592,-0.022174970414483047,1.2552387376330514,1.377400150579165
-1.167191682052572,1.2184685989385955,3.3574064494944422,-4.747054566878499,-1.0067541231124437,-0.013735736555470921,-3.7670525885941304,0.5828438681559069,0.6196611241551073,0.10663546052357044,-0.7174131140491727,2.7542949583286145,4.89990655436171,1.4710804010880603,-1.098821163708574,-0.7463479163607302,2.2853536432877397,0.07656412392699985,-4.453453658518343,-3.588741414704785
-1.1558899122117716,-2.3955543336879734,-3.6352781594862025,2.324165056243113,1.0324481006480908,0.02245914457215093,2.8610718625918454,0.21174887460740535,-3.419024745988607,-0.01849820351924756,-0.7135307956060387,-0.322498904897769,-0.12070345406557581,0.20491665033137008,2.2610188771976936,1.539231879225362,1.769986786175972,0.004521288381955729,-0.08950801204240544,-1.9067431064999856
2.1645913349438826,2.064501221419437,2.1287333593692797,0.37028749552078266,-0.5691445373810351,-0.0178161197841565,-0.926645232738701,-0.6422054887334261,3.691741991161815,-0.04878496861629939,1.3341421933105306,-1.4464868988688566,-3.1171280908701613,-1.2253311520306869,-1.9826550869785302,-1.3508592311709635,-3.6461621418106,-0.05639861458683373,3.072252564656506,4.678033885460971
