Fiction,Sci-Fict,Baby_Toddler,  Teen, Manga,Art&Hist,SelfImprov,Cooking, Games, Gifts,Journals,  News,NonFict,HairyPottery,Mysteries,Thrillers,Classics,Poetry,Romance,Horror
0.5548283180729238,0.13920783983894608,-0.207849208641101,0.855443812337096,0.07381902278940214,-0.0006626857804270022,0.47607305776401015,-0.20417279361698906,0.509702045474603,-0.025939361847520617,0.3416357600139225,-0.7009604502771367,-1.3373616419042536,-0.4496058459590745,-0.1456206399613817,-0.0996051653307429,-0.9879811121641592,-0.022174970414483047,1.2552387376330514,1.377400150579165
-1.167191682052572,1.2184685989385955,3.3574064494944422,-4.747054566878499,-1.0067541231124437,-0.013735736555470921,-3.7670525885941304,0.5828438681559069,0.6196611241551073,0.10663546052357044,-0.7174131140491727,2.7542949583286145,4.89990655436171,1.4710804010880603,-1.098821163708574,-0.7463479163607302,2.2853536432877397,0.07656412392699985,-4.453453658518343,-3.588741414704785
-1.1558899122117716,-2.395554333687974,-3.6352781594862025,2.324165056243113,1.0324481006480908,0.02245914457215093,2.8610718625918454,0.2117488746074054,-3.419024745988607,-0.018498203519247556,-0.7135307956060388,-0.3224989048977689,-0.12070345406557559,0.2049166503313702,2.2610188771976936,1.5392318792253623,1.7699867861759724,0.004521288381955736,-0.08950801204240588,-1.906743106499986
2.164591334943883,2.0645012214194374,2.12873335936928,0.3702874955207828,-0.5691445373810351,-0.017816119784156502,-0.9266452327387011,-0.6422054887334262,3.6917419911618157,-0.0487849686162994,1.3341421933105309,-1.4464868988688568,-3.1171280908701617,-1.225331152030687,-1.9826550869785309,-1.3508592311709637,-3.6461621418106005,-0.05639861458683374,3.072252564656507,4.678033885460972
